"image_1","image_2","image_3","Артикул","Цвет","Материал верха","Материал подкладки","Размер","Стелька","Сегмент","Марка","Тип обуви","Кр. описание"
"/ss-2015/857509-02-01W.jpg","/ss-2015/857509-02-01W_02.jpg","/ss-2015/857509-02-01W_03.jpg","857509/02-01W","белый","ПВХ","без подкладки","36-40","байка","женские","KEDDO","ботинки",
"/ss-2015/857582-01-01M.jpg","/ss-2015/857582-01-01M_02.jpg","/ss-2015/857582-01-01M_03.jpg","857582/01-01M","черный","ПВХ","ворсин","40-44","ворсин","мужские","KEDDO","ботинки",
"/ss-2015/857582-01-02M.jpg","/ss-2015/857582-01-02M_02.jpg","/ss-2015/857582-01-02M_03.jpg","857582/01-02M","коричневый","ПВХ","ворсин","40-44","ворсин","мужские","KEDDO","ботинки",
"/ss-2015/857588-02-01W.jpg","/ss-2015/857588-02-01W_02.jpg","/ss-2015/857588-02-01W_03.jpg","857588/02-01W","черный","резина","ворсин","36-40","ворсин","женские","KEDDO","полусапоги",
"/ss-2015/857119-01-01W.jpg","/ss-2015/857119-01-01W_02.jpg","/ss-2015/857119-01-01W_03.jpg","857119/01-01W","розовый","текстиль","текстиль","36-40","текстиль","женские","KEDDO","туфли закрытые",
"/ss-2015/857119-01-02W.jpg","/ss-2015/857119-01-02W_02.jpg","/ss-2015/857119-01-02W_03.jpg","857119/01-02W","зеленый","текстиль","текстиль","36-40","текстиль","женские","KEDDO","туфли закрытые",
"/ss-2015/857183-01-05W.jpg","/ss-2015/857183-01-05W_02.jpg","/ss-2015/857183-01-05W_03.jpg","857183/01-05W","т.синий","текстиль","текстиль","36-40","текстиль","женские","KEDDO","полуботинки",
"/ss-2015/857183-01-07W.jpg","/ss-2015/857183-01-07W_02.jpg","/ss-2015/857183-01-07W_03.jpg","857183/01-07W","бежевый","текстиль","текстиль","36-40","текстиль","женские","KEDDO","полуботинки",
"/ss-2015/857183-01-08W.jpg","/ss-2015/857183-01-08W_02.jpg","/ss-2015/857183-01-08W_03.jpg","857183/01-08W","голубой","текстиль","текстиль","36-40","текстиль","женские","KEDDO","полуботинки",
"/ss-2015/857217-10-02W.jpg","/ss-2015/857217-10-02W_02.jpg","/ss-2015/857217-10-02W_03.jpg","857217/10-02W","голубой","текстиль","текстиль","36-40","нат.кожа","женские","KEDDO","полуботинки",
"/ss-2015/857218-05-01W.jpg","/ss-2015/857218-05-01W_02.jpg","/ss-2015/857218-05-01W_03.jpg","857218/05-01W","черный","иск.замша/текстиль","текстиль","36-40","текстиль","женские","KEDDO","ботинки",
"/ss-2015/857220-01-01W.jpg","/ss-2015/857220-01-01W_02.jpg","/ss-2015/857220-01-01W_03.jpg","857220/01-01W","черный","текстиль","текстиль","36-40","текстиль","женские","KEDDO","полуботинки",
"/ss-2015/857220-01-06W.jpg","/ss-2015/857220-01-06W_02.jpg","/ss-2015/857220-01-06W_03.jpg","857220/01-06W","синий","текстиль","текстиль","36-40","текстиль","женские","KEDDO","полуботинки",
"/ss-2015/857230-01-01W.jpg","/ss-2015/857230-01-01W_02.jpg","/ss-2015/857230-01-01W_03.jpg","857230/01-01W","черный","текстиль","текстиль","36-40","текстиль","женские","KEDDO","полуботинки",
"/ss-2015/857230-01-02W.jpg","/ss-2015/857230-01-02W_02.jpg","/ss-2015/857230-01-02W_03.jpg","857230/01-02W","белый","текстиль","текстиль","36-40","текстиль","женские","KEDDO","полуботинки",
"/ss-2015/857230-02-03W.jpg","/ss-2015/857230-02-03W_02.jpg","/ss-2015/857230-02-03W_03.jpg","857230/02-03W","синий","текстиль","текстиль","36-40","текстиль","женские","KEDDO","полуботинки",
"/ss-2015/857259-09-02W.jpg","/ss-2015/857259-09-02W_02.jpg","/ss-2015/857259-09-02W_03.jpg","857259/09-02W","синий","иск.нубук","текстиль","36-40","нат.кожа","женские","KEDDO","туфли закрытые",
"/ss-2015/857259-09-03W.jpg","/ss-2015/857259-09-03W_02.jpg","/ss-2015/857259-09-03W_03.jpg","857259/09-03W","бежевый","иск.нубук","текстиль","36-40","нат.кожа","женские","KEDDO","туфли закрытые",
"/ss-2015/857259-13-02W.jpg","/ss-2015/857259-13-02W_02.jpg","/ss-2015/857259-13-02W_03.jpg","857259/13-02W","кэмел","иск.нубук","нат.кожа","36-40","нат.кожа","женские","KEDDO","туфли закрытые",
"/ss-2015/857259-13-03W.jpg","/ss-2015/857259-13-03W_02.jpg","/ss-2015/857259-13-03W_03.jpg","857259/13-03W","белый","иск.кожа","нат.кожа","36-40","нат.кожа","женские","KEDDO","туфли закрытые",
"/ss-2015/857259-13-06W.jpg","/ss-2015/857259-13-06W_02.jpg","/ss-2015/857259-13-06W_03.jpg","857259/13-06W","т.синий","иск.нубук","нат.кожа","36-40","нат.кожа","женские","KEDDO","туфли закрытые",
"/ss-2015/857260-01-03W.jpg","/ss-2015/857260-01-03W_02.jpg","/ss-2015/857260-01-03W_03.jpg","857260/01-03W","т.синий","текстиль/иск.кожа лак","нат.кожа","36-40","нат.кожа","женские","KEDDO","туфли закрытые",
"/ss-2015/857260-02-07W.jpg","/ss-2015/857260-02-07W_02.jpg","/ss-2015/857260-02-07W_03.jpg","857260/02-07W","мятный","иск.кожа/иск.кожа лак","иск.кожа","36-40","нат.кожа","женские","KEDDO","туфли закрытые",
"/ss-2015/857260-02-09W.jpg","/ss-2015/857260-02-09W_02.jpg","/ss-2015/857260-02-09W_03.jpg","857260/02-09W","коралловый","иск.кожа/иск.кожа лак","иск.кожа","36-40","нат.кожа","женские","KEDDO","туфли закрытые",
"/ss-2015/857260-09-02W.jpg","/ss-2015/857260-09-02W_02.jpg","/ss-2015/857260-09-02W_03.jpg","857260/09-02W","синий","иск.нубук","текстиль","36-40","нат.кожа","женские","KEDDO","полуботинки",
"/ss-2015/857265-02-08W.jpg","/ss-2015/857265-02-08W_02.jpg","/ss-2015/857265-02-08W_03.jpg","857265/02-08W","красный","иск.нубук","нат.кожа/текстиль","36-40","нат.кожа","женские","KEDDO","туфли закрытые",
"/ss-2015/857265-02-09W.jpg","/ss-2015/857265-02-09W_02.jpg","/ss-2015/857265-02-09W_03.jpg","857265/02-09W","желтый","иск.нубук","нат.кожа/текстиль","36-40","нат.кожа","женские","KEDDO","туфли закрытые",
"/ss-2015/857265-02-10W.jpg","/ss-2015/857265-02-10W_02.jpg","/ss-2015/857265-02-10W_03.jpg","857265/02-10W","зеленый","иск.нубук","нат.кожа/текстиль","36-40","нат.кожа","женские","KEDDO","туфли закрытые",
"/ss-2015/857265-03-08W.jpg","/ss-2015/857265-03-08W_02.jpg","/ss-2015/857265-03-08W_03.jpg","857265/03-08W","св.бежевый","иск.нубук","нат.кожа/текстиль","36-40","нат.кожа","женские","KEDDO","туфли закрытые",
"/ss-2015/857265-06-05W.jpg","/ss-2015/857265-06-05W_02.jpg","/ss-2015/857265-06-05W_03.jpg","857265/06-05W","белый","иск.кожа","нат.кожа/текстиль","36-40","нат.кожа","женские","KEDDO","туфли закрытые",
"/ss-2015/857265-06-06W.jpg","/ss-2015/857265-06-06W_02.jpg","/ss-2015/857265-06-06W_03.jpg","857265/06-06W","синий","иск.кожа","нат.кожа/текстиль","36-40","нат.кожа","женские","KEDDO","туфли закрытые",
"/ss-2015/857267-13-01W.jpg","/ss-2015/857267-13-01W_02.jpg","/ss-2015/857267-13-01W_03.jpg","857267/13-01W","белый","иск.кожа","текстиль","36-40","нат.кожа","женские","KEDDO","сапоги",
"/ss-2015/857267-13-02W.jpg","/ss-2015/857267-13-02W_02.jpg","/ss-2015/857267-13-02W_03.jpg","857267/13-02W","бежевый","иск.нубук","текстиль","36-40","нат.кожа","женские","KEDDO","сапоги",
"/ss-2015/857267-13-08W.jpg","/ss-2015/857267-13-08W_02.jpg","/ss-2015/857267-13-08W_03.jpg","857267/13-08W","розовый","иск.кожа","текстиль","36-40","нат.кожа","женские","KEDDO","сапоги",
"/ss-2015/857267-16-03W.jpg","/ss-2015/857267-16-03W_02.jpg","/ss-2015/857267-16-03W_03.jpg","857267/16-03W","белый","иск.кожа","нат.кожа","36-40","нат.кожа","женские","KEDDO","туфли открытые",
"/ss-2015/857271-08-01W.jpg","/ss-2015/857271-08-01W_02.jpg","/ss-2015/857271-08-01W_03.jpg","857271/08-01W","т.синий","иск.нубук","иск.кожа","36-40","нат.кожа","женские","KEDDO","туфли закрытые",
"/ss-2015/857271-08-05W.jpg","/ss-2015/857271-08-05W_02.jpg","/ss-2015/857271-08-05W_03.jpg","857271/08-05W","белый","иск.кожа","иск.кожа","36-40","нат.кожа","женские","KEDDO","туфли закрытые",
"/ss-2015/857271-09-02W.jpg","/ss-2015/857271-09-02W_02.jpg","/ss-2015/857271-09-02W_03.jpg","857271/09-02W","синий","иск.нубук","иск.кожа","36-40","нат.кожа","женские","KEDDO","туфли закрытые",
"/ss-2015/857273-05-03W.jpg","/ss-2015/857273-05-03W_02.jpg","/ss-2015/857273-05-03W_03.jpg","857273/05-03W","розовый","иск.нубук","иск.кожа","36-40","нат.кожа","женские","KEDDO","туфли закрытые",
"/ss-2015/857273-05-05W.jpg","/ss-2015/857273-05-05W_02.jpg","/ss-2015/857273-05-05W_03.jpg","857273/05-05W","белый","иск.кожа","иск.кожа","36-40","нат.кожа","женские","KEDDO","туфли закрытые",
"/ss-2015/857273-09-01W.jpg","/ss-2015/857273-09-01W_02.jpg","/ss-2015/857273-09-01W_03.jpg","857273/09-01W","синий/бежевый","иск.нубук","нат.кожа","36-40","нат.кожа","женские","KEDDO","туфли закрытые",
"/ss-2015/857273-10-01W.jpg","/ss-2015/857273-10-01W_02.jpg","/ss-2015/857273-10-01W_03.jpg","857273/10-01W","белый","иск.кожа","иск.кожа","36-40","нат.кожа","женские","KEDDO","туфли закрытые",
"/ss-2015/857293-06-03W.jpg","/ss-2015/857293-06-03W_02.jpg","/ss-2015/857293-06-03W_03.jpg","857293/06-03W","мятный","иск.кожа","иск.кожа","36-40","нат.кожа","женские","KEDDO","туфли закрытые",
"/ss-2015/857335-02-01W.jpg","/ss-2015/857335-02-01W_02.jpg","/ss-2015/857335-02-01W_03.jpg","857335/02-01W","синий","текстиль","текстиль","36-40","текстиль","женские","KEDDO","полуботинки",
"/ss-2015/857335-02-03W.jpg","/ss-2015/857335-02-03W_02.jpg","/ss-2015/857335-02-03W_03.jpg","857335/02-03W","св.красный","текстиль","текстиль","36-40","текстиль","женские","KEDDO","полуботинки",
"/ss-2015/857375-01-07W.jpg","/ss-2015/857375-01-07W_02.jpg","/ss-2015/857375-01-07W_03.jpg","857375/01-07W","белый","иск.кожа","текстиль","36-40","текстиль","женские","KEDDO","полуботинки",
"/ss-2015/857811-01-02W.jpg","/ss-2015/857811-01-02W_02.jpg","/ss-2015/857811-01-02W_03.jpg","857811/01-02W","белый","иск.кожа","нат.кожа/иск.кожа","36-40","нат.кожа","женские","KEDDO","туфли закрытые",
"/ss-2015/857811-01-05W.jpg","/ss-2015/857811-01-05W_02.jpg","/ss-2015/857811-01-05W_03.jpg","857811/01-05W","розовый","иск.нубук","нат.кожа/иск.кожа","36-40","нат.кожа","женские","KEDDO","туфли закрытые",
"/ss-2015/857815-03-02W.jpg","/ss-2015/857815-03-02W_02.jpg","/ss-2015/857815-03-02W_03.jpg","857815/03-02W","синий","иск.нубук","нат.кожа","36-40","нат.кожа","женские","KEDDO","туфли закрытые",
"/ss-2015/857818-06-01W.jpg","/ss-2015/857818-06-01W_02.jpg","/ss-2015/857818-06-01W_03.jpg","857818/06-01W","синий","текстиль","текстиль","36-40","нат.кожа","женские","KEDDO","туфли закрытые",
"/ss-2015/857111-02-01M.jpg","/ss-2015/857111-02-01M_02.jpg","/ss-2015/857111-02-01M_03.jpg","857111/02-01M","синий","текстиль","текстиль","40-44","текстиль","мужские","KEDDO","полуботинки",
"/ss-2015/857111-02-03M.jpg","/ss-2015/857111-02-03M_02.jpg","/ss-2015/857111-02-03M_03.jpg","857111/02-03M","серый","текстиль","текстиль","40-44","текстиль","мужские","KEDDO","полуботинки",
"/ss-2015/857118-01-01M.jpg","/ss-2015/857118-01-01M_02.jpg","/ss-2015/857118-01-01M_03.jpg","857118/01-01M","синий","текстиль","текстиль","40-44","текстиль","мужские","KEDDO","полуботинки",
"/ss-2015/857160-01-01M.jpg","/ss-2015/857160-01-01M_02.jpg","/ss-2015/857160-01-01M_03.jpg","857160/01-01M","черный","текстиль","текстиль","40-44","текстиль","мужские","KEDDO","полуботинки",
"/ss-2015/857223-01-01M.jpg","/ss-2015/857223-01-01M_02.jpg","/ss-2015/857223-01-01M_03.jpg","857223/01-01M","черный","текстиль","текстиль","40-44","текстиль","мужские","KEDDO","полуботинки",
"/ss-2015/857223-01-02M.jpg","/ss-2015/857223-01-02M_02.jpg","/ss-2015/857223-01-02M_03.jpg","857223/01-02M","синий","текстиль","текстиль","40-44","текстиль","мужские","KEDDO","полуботинки",
"/ss-2015/857223-01-03M.jpg","/ss-2015/857223-01-03M_02.jpg","/ss-2015/857223-01-03M_03.jpg","857223/01-03M","т.синий","текстиль","текстиль","40-44","текстиль","мужские","KEDDO","полуботинки",
"/ss-2015/857225-01-01M.jpg","/ss-2015/857225-01-01M_02.jpg","/ss-2015/857225-01-01M_03.jpg","857225/01-01M","т.серый","текстиль/иск.замша","текстиль","40-44","текстиль","мужские","KEDDO","полуботинки",
"/ss-2015/857225-01-02M.jpg","/ss-2015/857225-01-02M_02.jpg","/ss-2015/857225-01-02M_03.jpg","857225/01-02M","зеленый","текстиль/иск.замша","текстиль","40-44","текстиль","мужские","KEDDO","полуботинки",
"/ss-2015/857280-58-01M.jpg","/ss-2015/857280-58-01M_02.jpg","/ss-2015/857280-58-01M_03.jpg","857280/58-01M","синий/белый","текстиль","текстиль","40-44","текстиль","мужские","KEDDO","туфли закрытые",
"/ss-2015/857280-20-07M.jpg","/ss-2015/857280-20-07M_02.jpg","/ss-2015/857280-20-07M_03.jpg","857280/20-07M","бежевый","иск.нубук","текстиль","40-44","нат.кожа","мужские","KEDDO","полуботинки",
"/ss-2015/857281-02-02M.jpg","/ss-2015/857281-02-02M_02.jpg","/ss-2015/857281-02-02M_03.jpg","857281/02-02M","серый","иск.нубук","текстиль/нат.кожа","40-44","нат.кожа","мужские","KEDDO","туфли закрытые",
"/ss-2015/857281-05-08M.jpg","/ss-2015/857281-05-08M_02.jpg","/ss-2015/857281-05-08M_03.jpg","857281/05-08M","коричневый","иск.кожа","текстиль/нат.кожа","40-44","нат.кожа","мужские","KEDDO","туфли закрытые",
"/ss-2015/857281-07-03M.jpg","/ss-2015/857281-07-03M_02.jpg","/ss-2015/857281-07-03M_03.jpg","857281/07-03M","бежевый","нат.замша","текстиль","40-44","нат.кожа","мужские","KEDDO","туфли закрытые",
"/ss-2015/857281-07-08M.jpg","/ss-2015/857281-07-08M_02.jpg","/ss-2015/857281-07-08M_03.jpg","857281/07-08M","бежевый","иск.кожа","текстиль","40-44","нат.кожа","мужские","KEDDO","туфли закрытые",
"/ss-2015/857281-08-01M.jpg","/ss-2015/857281-08-01M_02.jpg","/ss-2015/857281-08-01M_03.jpg","857281/08-01M","черный","иск.кожа","текстиль/нат.кожа","40-44","нат.кожа","мужские","KEDDO","полуботинки",
"/ss-2015/857281-08-02M.jpg","/ss-2015/857281-08-02M_02.jpg","/ss-2015/857281-08-02M_03.jpg","857281/08-02M","синий","иск.нубук","текстиль/нат.кожа","40-44","нат.кожа","мужские","KEDDO","полуботинки",
"/ss-2015/857281-09-01M.jpg","/ss-2015/857281-09-01M_02.jpg","/ss-2015/857281-09-01M_03.jpg","857281/09-01M","черный","иск.кожа","текстиль/нат.кожа","40-44","нат.кожа","мужские","KEDDO","полуботинки",
"/ss-2015/857281-09-03M.jpg","/ss-2015/857281-09-03M_02.jpg","/ss-2015/857281-09-03M_03.jpg","857281/09-03M","белый","иск.кожа","текстиль/нат.кожа","40-44","нат.кожа","мужские","KEDDO","полуботинки",
"/ss-2015/857281-09-05M.jpg","/ss-2015/857281-09-05M_02.jpg","/ss-2015/857281-09-05M_03.jpg","857281/09-05M","синий","иск.нубук","текстиль/нат.кожа","40-44","нат.кожа","мужские","KEDDO","полуботинки",
"/ss-2015/857281-09-07M.jpg","/ss-2015/857281-09-07M_02.jpg","/ss-2015/857281-09-07M_03.jpg","857281/09-07M","серый","иск.нубук","текстиль/нат.кожа","40-44","нат.кожа","мужские","KEDDO","полуботинки",
"/ss-2015/857371-01-02M.jpg","/ss-2015/857371-01-02M_02.jpg","/ss-2015/857371-01-02M_03.jpg","857371/01-02M","синий","текстиль","текстиль","40-44","текстиль","мужские","KEDDO","полуботинки",
"/ss-2015/857371-02-01M.jpg","/ss-2015/857371-02-01M_02.jpg","/ss-2015/857371-02-01M_03.jpg","857371/02-01M","черный","текстиль","текстиль","40-44","текстиль","мужские","KEDDO","полуботинки",
"/ss-2015/857371-02-02M.jpg","/ss-2015/857371-02-02M_02.jpg","/ss-2015/857371-02-02M_03.jpg","857371/02-02M","синий","текстиль","текстиль","40-44","текстиль","мужские","KEDDO","полуботинки",
"/ss-2015/857371-02-06M.jpg","/ss-2015/857371-02-06M_02.jpg","/ss-2015/857371-02-06M_03.jpg","857371/02-06M","белый","текстиль","текстиль","40-44","текстиль","мужские","KEDDO","полуботинки",
"/ss-2015/857372-01-02M.jpg","/ss-2015/857372-01-02M_02.jpg","/ss-2015/857372-01-02M_03.jpg","857372/01-02M","синий","иск.нубук","текстиль","40-44","текстиль","мужские","KEDDO","полуботинки",
"/ss-2015/857372-01-03M.jpg","/ss-2015/857372-01-03M_02.jpg","/ss-2015/857372-01-03M_03.jpg","857372/01-03M","серый","иск.нубук","текстиль","40-44","текстиль","мужские","KEDDO","полуботинки",
"/ss-2015/857372-01-06M.jpg","/ss-2015/857372-01-06M_02.jpg","/ss-2015/857372-01-06M_03.jpg","857372/01-06M","белый","иск.кожа","текстиль","40-44","текстиль","мужские","KEDDO","полуботинки",
"/ss-2015/857372-02-07M.jpg","/ss-2015/857372-02-07M_02.jpg","/ss-2015/857372-02-07M_03.jpg","857372/02-07M","черный","текстиль","текстиль","40-44","текстиль","мужские","KEDDO","полуботинки",
"/ss-2015/857372-02-08M.jpg","/ss-2015/857372-02-08M_02.jpg","/ss-2015/857372-02-08M_03.jpg","857372/02-08M","синий","текстиль","текстиль","40-44","текстиль","мужские","KEDDO","полуботинки",
"/ss-2015/857372-02-10M.jpg","/ss-2015/857372-02-10M_02.jpg","/ss-2015/857372-02-10M_03.jpg","857372/02-10M","черный","иск.кожа","текстиль","40-44","текстиль","мужские","KEDDO","полуботинки",
"/ss-2015/857372-03-02M.jpg","/ss-2015/857372-03-02M_02.jpg","/ss-2015/857372-03-02M_03.jpg","857372/03-02M","серый","текстиль","текстиль","40-44","текстиль","мужские","KEDDO","полуботинки",
"/ss-2015/857372-03-03M.jpg","/ss-2015/857372-03-03M_02.jpg","/ss-2015/857372-03-03M_03.jpg","857372/03-03M","синий","текстиль","текстиль","40-44","текстиль","мужские","KEDDO","полуботинки",
"/ss-2015/857372-03-06M.jpg","/ss-2015/857372-03-06M_02.jpg","/ss-2015/857372-03-06M_03.jpg","857372/03-06M","синий","иск.нубук","текстиль","40-44","текстиль","мужские","KEDDO","полуботинки",
"/ss-2015/857372-03-13M.jpg","/ss-2015/857372-03-13M_02.jpg","/ss-2015/857372-03-13M_03.jpg","857372/03-13M","синий","нат.замша/нат.нубук","текстиль","40-44","текстиль","мужские","KEDDO","полуботинки",
"/ss-2015/857372-05-02M.jpg","/ss-2015/857372-05-02M_02.jpg","/ss-2015/857372-05-02M_03.jpg","857372/05-02M","серый","текстиль","текстиль","40-44","текстиль","мужские","KEDDO","полуботинки",
"/ss-2015/857372-09-01M.jpg","/ss-2015/857372-09-01M_02.jpg","/ss-2015/857372-09-01M_03.jpg","857372/09-01M","синий","текстиль","текстиль","40-44","текстиль","мужские","KEDDO","полуботинки",
"/ss-2015/857372-09-02M.jpg","/ss-2015/857372-09-02M_02.jpg","/ss-2015/857372-09-02M_03.jpg","857372/09-02M","серый","текстиль","текстиль","40-44","текстиль","мужские","KEDDO","полуботинки",
"/ss-2015/857372-09-03M.jpg","/ss-2015/857372-09-03M_02.jpg","/ss-2015/857372-09-03M_03.jpg","857372/09-03M","черный","текстиль","текстиль","40-44","текстиль","мужские","KEDDO","полуботинки",
"/ss-2015/857372-10-07M.jpg","/ss-2015/857372-10-07M_02.jpg","/ss-2015/857372-10-07M_03.jpg","857372/10-07M","серый","иск.нубук","текстиль","40-44","текстиль","мужские","KEDDO","полуботинки",
"/ss-2015/857391-01-06M.jpg","/ss-2015/857391-01-06M_02.jpg","/ss-2015/857391-01-06M_03.jpg","857391/01-06M","синий","текстиль","текстиль","40-44","текстиль","мужские","KEDDO","полуботинки",
"/ss-2015/857806-01-01M.jpg","/ss-2015/857806-01-01M_02.jpg","/ss-2015/857806-01-01M_03.jpg","857806/01-01M","черный","текстиль","текстиль","40-44","нат.кожа","мужские","KEDDO","полуботинки",
"/ss-2015/857806-01-02M.jpg","/ss-2015/857806-01-02M_02.jpg","/ss-2015/857806-01-02M_03.jpg","857806/01-02M","синий","текстиль","текстиль","40-44","нат.кожа","мужские","KEDDO","полуботинки",
"/ss-2015/857806-01-03M.jpg","/ss-2015/857806-01-03M_02.jpg","/ss-2015/857806-01-03M_03.jpg","857806/01-03M","серый","текстиль","текстиль","40-44","нат.кожа","мужские","KEDDO","полуботинки",
"/ss-2015/857806-02-02M.jpg","/ss-2015/857806-02-02M_02.jpg","/ss-2015/857806-02-02M_03.jpg","857806/02-02M","синий","текстиль","текстиль","40-44","нат.кожа","мужские","KEDDO","полуботинки",
"/ss-2015/857833-01-01M.jpg","/ss-2015/857833-01-01M_02.jpg","/ss-2015/857833-01-01M_03.jpg","857833/01-01M","черный","текстиль","текстиль","40-44","текстиль","мужские","KEDDO","полуботинки",
"/ss-2015/857833-01-03M.jpg","/ss-2015/857833-01-03M_02.jpg","/ss-2015/857833-01-03M_03.jpg","857833/01-03M","серый","текстиль","текстиль","40-44","текстиль","мужские","KEDDO","полуботинки",
"/ss-2015/857833-01-05M.jpg","/ss-2015/857833-01-05M_02.jpg","/ss-2015/857833-01-05M_03.jpg","857833/01-05M","синий","текстиль","текстиль","40-44","текстиль","мужские","KEDDO","полуботинки",
"/ss-2015/857186-05-02W.jpg","/ss-2015/857186-05-02W_02.jpg","/ss-2015/857186-05-02W_03.jpg","857186/05-02W","черный","ПВХ","без подкладки","36-40","без стельки","женские","KEDDO","туфли открытые",
"/ss-2015/557503-01-02K.jpg","/ss-2015/557503-01-02K_02.jpg","/ss-2015/557503-01-02K_03.jpg","557503/01-02K","черный","ПВХ","текстиль","31-34","текстиль","детские (девочки)","KEDDO","ботинки",
"/ss-2015/557106-01-05K.jpg","/ss-2015/557106-01-05K_02.jpg","/ss-2015/557106-01-05K_03.jpg","557106/01-05K","черный/зеленый","иск.нубук/текстиль","текстиль","30-35","текстиль","детские (мальчики)","KEDDO","полуботинки",
"/ss-2015/557106-01-09K.jpg","/ss-2015/557106-01-09K_02.jpg","/ss-2015/557106-01-09K_03.jpg","557106/01-09K","синий/серый","иск.нубук/текстиль","текстиль","30-35","текстиль","детские (мальчики)","KEDDO","полуботинки",
"/ss-2015/557109-03-01K.jpg","/ss-2015/557109-03-01K_02.jpg","/ss-2015/557109-03-01K_03.jpg","557109/03-01K","синий","текстиль","текстиль","33-38","нат.кожа","детские (девочки)","KEDDO","туфли открытые",
"/ss-2015/557109-03-02K.jpg","/ss-2015/557109-03-02K_02.jpg","/ss-2015/557109-03-02K_03.jpg","557109/03-02K","красный","текстиль","текстиль","33-38","нат.кожа","детские (девочки)","KEDDO","туфли открытые",
"/ss-2015/557137-05-01K.jpg","/ss-2015/557137-05-01K_02.jpg","/ss-2015/557137-05-01K_03.jpg","557137/05-01K","синий","текстиль","нат.кожа","33-38","текстиль","детские (девочки)","KEDDO","туфли открытые",
"/ss-2015/557151-02-02K.jpg","/ss-2015/557151-02-02K_02.jpg","/ss-2015/557151-02-02K_03.jpg","557151/02-02K","св.коричневый/синий","иск.нубук","нат.кожа","33-38","нат.кожа","детские (девочки)","KEDDO","туфли открытые",
"/ss-2015/557172-10-03K.jpg","/ss-2015/557172-10-03K_02.jpg","/ss-2015/557172-10-03K_03.jpg","557172/10-03K","белый","иск.кожа","текстиль/нат.кожа","33-38","нат.кожа","детские (девочки)","KEDDO","полуботинки",
"/ss-2015/557275-01-02K.jpg","/ss-2015/557275-01-02K_02.jpg","/ss-2015/557275-01-02K_03.jpg","557275/01-02K","св.бежевый","иск.кожа","текстиль","33-38","нат.кожа","детские (девочки)","KEDDO","туфли закрытые",
"/ss-2015/557275-03-02K.jpg","/ss-2015/557275-03-02K_02.jpg","/ss-2015/557275-03-02K_03.jpg","557275/03-02K","синий","иск.нубук","текстиль","33-38","нат.кожа","детские (девочки)","KEDDO","туфли закрытые",
"/ss-2015/557275-03-06K.jpg","/ss-2015/557275-03-06K_02.jpg","/ss-2015/557275-03-06K_03.jpg","557275/03-06K","белый","иск.кожа","текстиль","33-38","нат.кожа","детские (девочки)","KEDDO","туфли закрытые",
"/ss-2015/557283-05-02K.jpg","/ss-2015/557283-05-02K_02.jpg","/ss-2015/557283-05-02K_03.jpg","557283/05-02K","белый/рыжий","иск.кожа/иск.нубук","нат.кожа","33-38","нат.кожа","детские (девочки)","KEDDO","туфли открытые",
"/ss-2015/557289-06-02K.jpg","/ss-2015/557289-06-02K_02.jpg","/ss-2015/557289-06-02K_03.jpg","557289/06-02K","св.бежевый","иск.кожа","текстиль","33-38","нат.кожа","детские (девочки)","KEDDO","туфли закрытые",
"/ss-2015/557289-06-03K.jpg","/ss-2015/557289-06-03K_02.jpg","/ss-2015/557289-06-03K_03.jpg","557289/06-03K","мятный","иск.кожа","текстиль","33-38","нат.кожа","детские (девочки)","KEDDO","туфли закрытые",
"/ss-2015/557292-05-01K.jpg","/ss-2015/557292-05-01K_02.jpg","/ss-2015/557292-05-01K_03.jpg","557292/05-01K","черный","иск.кожа лак","нат.кожа","33-38","нат.кожа","детские (девочки)","KEDDO","туфли закрытые",
"/ss-2015/557295-01-05K.jpg","/ss-2015/557295-01-05K_02.jpg","/ss-2015/557295-01-05K_03.jpg","557295/01-05K","черный","иск.кожа лак","нат.кожа","30-35","нат.кожа","детские (девочки)","KEDDO","туфли закрытые",
"/ss-2015/557300-05-08K.jpg","/ss-2015/557300-05-08K_02.jpg","/ss-2015/557300-05-08K_03.jpg","557300/05-08K","т.синий","иск.нубук","текстиль/нат.кожа","33-38","нат.кожа","детские (девочки)","KEDDO","туфли закрытые",
"/ss-2015/557303-01-05K.jpg","/ss-2015/557303-01-05K_02.jpg","/ss-2015/557303-01-05K_03.jpg","557303/01-05K","синий","иск.нубук","текстиль/нат.кожа","34-38","нат.кожа","детские (девочки)","KEDDO","ботинки",
"/ss-2015/557303-01-06K.jpg","/ss-2015/557303-01-06K_02.jpg","/ss-2015/557303-01-06K_03.jpg","557303/01-06K","т.бежевый","иск.нубук","текстиль/нат.кожа","34-38","нат.кожа","детские (девочки)","KEDDO","ботинки",
"/ss-2015/557303-06-10K.jpg","/ss-2015/557303-06-10K_02.jpg","/ss-2015/557303-06-10K_03.jpg","557303/06-10K","т.синий","иск.нубук","текстиль/нат.кожа","34-38","нат.кожа","детские (девочки)","KEDDO","ботинки",
"/ss-2015/557321-02-01K.jpg","/ss-2015/557321-02-01K_02.jpg","/ss-2015/557321-02-01K_03.jpg","557321/02-01K","бежевый","текстиль","текстиль/нат.кожа","33-38","нат.кожа","детские (девочки)","KEDDO","полуботинки",
"/ss-2015/557333-01-02K.jpg","/ss-2015/557333-01-02K_02.jpg","/ss-2015/557333-01-02K_03.jpg","557333/01-02K","синий","текстиль","текстиль","33-38","текстиль","детские (девочки)","KEDDO","полуботинки",
"/ss-2015/557333-01-05K.jpg","/ss-2015/557333-01-05K_02.jpg","/ss-2015/557333-01-05K_03.jpg","557333/01-05K","розовый","текстиль","текстиль","33-38","текстиль","детские (девочки)","KEDDO","полуботинки",
"/ss-2015/557335-02-07K.jpg","/ss-2015/557335-02-07K_02.jpg","/ss-2015/557335-02-07K_03.jpg","557335/02-07K","белый","иск.кожа","текстиль","33-38","текстиль","детские (девочки)","KEDDO","полуботинки",
"/ss-2015/557339-03-01K.jpg","/ss-2015/557339-03-01K_02.jpg","/ss-2015/557339-03-01K_03.jpg","557339/03-01K","черный","иск.кожа","нат.кожа","33-38","нат.кожа","детские (мальчики)","KEDDO","полуботинки",
"/ss-2015/557339-03-02K.jpg","/ss-2015/557339-03-02K_02.jpg","/ss-2015/557339-03-02K_03.jpg","557339/03-02K","серый","иск.нубук","нат.кожа","33-38","нат.кожа","детские (мальчики)","KEDDO","полуботинки",
"/ss-2015/557361-05-06K.jpg","/ss-2015/557361-05-06K_02.jpg","/ss-2015/557361-05-06K_03.jpg","557361/05-06K","синий","иск.нубук","текстиль/нат.кожа","33-38","нат.кожа","детские (мальчики)","KEDDO","полуботинки",
"/ss-2015/557361-05-07K.jpg","/ss-2015/557361-05-07K_02.jpg","/ss-2015/557361-05-07K_03.jpg","557361/05-07K","серый","иск.нубук","текстиль/нат.кожа","33-38","нат.кожа","детские (мальчики)","KEDDO","полуботинки",
"/ss-2015/557361-05-10K.jpg","/ss-2015/557361-05-10K_02.jpg","/ss-2015/557361-05-10K_03.jpg","557361/05-10K","бежевый","иск.нубук","текстиль/нат.кожа","33-38","нат.кожа","детские (мальчики)","KEDDO","полуботинки",
"/ss-2015/557361-07-06K.jpg","/ss-2015/557361-07-06K_02.jpg","/ss-2015/557361-07-06K_03.jpg","557361/07-06K","синий","иск.нубук","текстиль/нат.кожа","33-38","нат.кожа","детские (мальчики)","KEDDO","полуботинки",
"/ss-2015/557361-07-07K.jpg","/ss-2015/557361-07-07K_02.jpg","/ss-2015/557361-07-07K_03.jpg","557361/07-07K","серый","иск.нубук","текстиль/нат.кожа","33-38","нат.кожа","детские (мальчики)","KEDDO","полуботинки",
"/ss-2015/557361-07-10K.jpg","/ss-2015/557361-07-10K_02.jpg","/ss-2015/557361-07-10K_03.jpg","557361/07-10K","бежевый","иск.нубук","текстиль/нат.кожа","33-38","нат.кожа","детские (мальчики)","KEDDO","полуботинки",
"/ss-2015/557361-09-01K.jpg","/ss-2015/557361-09-01K_02.jpg","/ss-2015/557361-09-01K_03.jpg","557361/09-01K","синий","иск.нубук","текстиль/нат.кожа","32-37","нат.кожа","детские (мальчики)","KEDDO","полуботинки",
"/ss-2015/557361-09-02K.jpg","/ss-2015/557361-09-02K_02.jpg","/ss-2015/557361-09-02K_03.jpg","557361/09-02K","черный","иск.нубук","текстиль/нат.кожа","32-37","нат.кожа","детские (мальчики)","KEDDO","полуботинки",
"/ss-2015/557361-09-03K.jpg","/ss-2015/557361-09-03K_02.jpg","/ss-2015/557361-09-03K_03.jpg","557361/09-03K","т.серый","иск.нубук","текстиль/нат.кожа","32-37","нат.кожа","детские (мальчики)","KEDDO","полуботинки",
"/ss-2015/557803-01-01K.jpg","/ss-2015/557803-01-01K_02.jpg","/ss-2015/557803-01-01K_03.jpg","557803/01-01K","черный","иск.замша/текстиль","текстиль","34-38","текстиль","детские (девочки)","KEDDO","ботинки",
"/ss-2015/557810-01-01K.jpg","/ss-2015/557810-01-01K_02.jpg","/ss-2015/557810-01-01K_03.jpg","557810/01-01K","белый","иск.кожа","нат.кожа","32-37","нат.кожа","детские (девочки)","KEDDO","туфли открытые",
"/ss-2015/557816-03-02K.jpg","/ss-2015/557816-03-02K_02.jpg","/ss-2015/557816-03-02K_03.jpg","557816/03-02K","бежевый","иск.нубук","текстиль","32-37","нат.кожа","детские (девочки)","KEDDO","полуботинки",
"/ss-2015/557112-02-02J.jpg","/ss-2015/557112-02-02J_02.jpg","/ss-2015/557112-02-02J_03.jpg","557112/02-02J","т.серый","иск.нубук","текстиль","38-41","нат.кожа","подростковые (мальчики)","KEDDO","туфли открытые",
"/ss-2015/557112-02-05J.jpg","/ss-2015/557112-02-05J_02.jpg","/ss-2015/557112-02-05J_03.jpg","557112/02-05J","кэмел","иск.нубук","текстиль","38-41","нат.кожа","подростковые (мальчики)","KEDDO","туфли открытые",
"/ss-2015/557163-02-01J.jpg","/ss-2015/557163-02-01J_02.jpg","/ss-2015/557163-02-01J_03.jpg","557163/02-01J","синий","иск.нубук","текстиль/нат.кожа","38-41","нат.кожа","подростковые (мальчики)","KEDDO","туфли закрытые",
"/ss-2015/557163-05-06J.jpg","/ss-2015/557163-05-06J_02.jpg","/ss-2015/557163-05-06J_03.jpg","557163/05-06J","синий","иск.нубук","текстиль/нат.кожа","38-41","нат.кожа","подростковые (мальчики)","KEDDO","туфли закрытые",
"/ss-2015/557163-05-07J.jpg","/ss-2015/557163-05-07J_02.jpg","/ss-2015/557163-05-07J_03.jpg","557163/05-07J","серый","иск.нубук","текстиль/нат.кожа","38-41","нат.кожа","подростковые (мальчики)","KEDDO","туфли закрытые",
"/ss-2015/557163-05-10J.jpg","/ss-2015/557163-05-10J_02.jpg","/ss-2015/557163-05-10J_03.jpg","557163/05-10J","бежевый","иск.нубук","текстиль/нат.кожа","38-41","нат.кожа","подростковые (мальчики)","KEDDO","туфли закрытые",
"/ss-2015/557163-07-06J.jpg","/ss-2015/557163-07-06J_02.jpg","/ss-2015/557163-07-06J_03.jpg","557163/07-06J","синий","иск.нубук","текстиль/нат.кожа","38-41","нат.кожа","подростковые (мальчики)","KEDDO","туфли закрытые",
"/ss-2015/557163-07-10J.jpg","/ss-2015/557163-07-10J_02.jpg","/ss-2015/557163-07-10J_03.jpg","557163/07-10J","бежевый","иск.нубук","текстиль/нат.кожа","38-41","нат.кожа","подростковые (мальчики)","KEDDO","туфли закрытые",
"/ss-2015/557163-08-01J.jpg","/ss-2015/557163-08-01J_02.jpg","/ss-2015/557163-08-01J_03.jpg","557163/08-01J","черный","иск.нубук","текстиль/нат.кожа","38-41","нат.кожа","подростковые (мальчики)","KEDDO","полуботинки",
"/ss-2015/557163-08-02J.jpg","/ss-2015/557163-08-02J_02.jpg","/ss-2015/557163-08-02J_03.jpg","557163/08-02J","серый","иск.нубук","текстиль/нат.кожа","38-41","нат.кожа","подростковые (мальчики)","KEDDO","полуботинки",
"/ss-2015/557163-08-03J.jpg","/ss-2015/557163-08-03J_02.jpg","/ss-2015/557163-08-03J_03.jpg","557163/08-03J","синий","иск.нубук","текстиль/нат.кожа","38-41","нат.кожа","подростковые (мальчики)","KEDDO","полуботинки",
"/ss-2015/857362-02-01J.jpg","/ss-2015/857362-02-01J_02.jpg","/ss-2015/857362-02-01J_03.jpg","857362/02-01J","т.синий","иск.нубук","текстиль","38-41","нат.кожа","подростковые (мальчики)","KEDDO","полуботинки",
